County,Region,Regional Council
Armstrong County,Panhandle,Panhandle Regional Planning Commission
Briscoe County,Panhandle,Panhandle Regional Planning Commission
Carson County,Panhandle,Panhandle Regional Planning Commission
Castro County,Panhandle,Panhandle Regional Planning Commission
Childress County,Panhandle,Panhandle Regional Planning Commission
Collingsworth County,Panhandle,Panhandle Regional Planning Commission
Dallam County,Panhandle,Panhandle Regional Planning Commission
Deaf Smith County,Panhandle,Panhandle Regional Planning Commission
Donley County,Panhandle,Panhandle Regional Planning Commission
Gray County,Panhandle,Panhandle Regional Planning Commission
Hall County,Panhandle,Panhandle Regional Planning Commission
Hansford County,Panhandle,Panhandle Regional Planning Commission
Hartley County,Panhandle,Panhandle Regional Planning Commission
Hemphill County,Panhandle,Panhandle Regional Planning Commission
Hutchison County,Panhandle,Panhandle Regional Planning Commission
Lipscomb County,Panhandle,Panhandle Regional Planning Commission
Moore County,Panhandle,Panhandle Regional Planning Commission
Ochiltree County,Panhandle,Panhandle Regional Planning Commission
Oldham County,Panhandle,Panhandle Regional Planning Commission
Parmer County,Panhandle,Panhandle Regional Planning Commission
Potter County,Panhandle,Panhandle Regional Planning Commission
Randall County,Panhandle,Panhandle Regional Planning Commission
Roberts County,Panhandle,Panhandle Regional Planning Commission
Sherman County,Panhandle,Panhandle Regional Planning Commission
Swisher County,Panhandle,Panhandle Regional Planning Commission
Wheeler County,Panhandle,Panhandle Regional Planning Commission
Bailey County,South Plains,South Plains Association of Governments
Cochran County,South Plains,South Plains Association of Governments
Crosby County,South Plains,South Plains Association of Governments
Dickens County,South Plains,South Plains Association of Governments
Floyd County,South Plains,South Plains Association of Governments
Garza County,South Plains,South Plains Association of Governments
Hale County,South Plains,South Plains Association of Governments
Hockley County,South Plains,South Plains Association of Governments
King County,South Plains,South Plains Association of Governments
Lamb County,South Plains,South Plains Association of Governments
Lubbock County,South Plains,South Plains Association of Governments
Lynn County,South Plains,South Plains Association of Governments
Motley County,South Plains,South Plains Association of Governments
Terry County,South Plains,South Plains Association of Governments
Yoakum County,South Plains,South Plains Association of Governments
Archer County,North Texas,Nortex Regional Planning Commission
Baylor County,North Texas,Nortex Regional Planning Commission
Clay County,North Texas,Nortex Regional Planning Commission
Cottle County,North Texas,Nortex Regional Planning Commission
Foard County,North Texas,Nortex Regional Planning Commission
Hardeman County,North Texas,Nortex Regional Planning Commission
Jack County,North Texas,Nortex Regional Planning Commission
Montague County,North Texas,Nortex Regional Planning Commission
Wichita County,North Texas,Nortex Regional Planning Commission
Wilbarger County,North Texas,Nortex Regional Planning Commission
Young County,North Texas,Nortex Regional Planning Commission
Collin County,North Central Texas,North Central Texas Council of Governments
Dallas County,North Central Texas,North Central Texas Council of Governments
Denton County,North Central Texas,North Central Texas Council of Governments
Ellis County,North Central Texas,North Central Texas Council of Governments
Erath County,North Central Texas,North Central Texas Council of Governments
Hood County,North Central Texas,North Central Texas Council of Governments
Hunt County,North Central Texas,North Central Texas Council of Governments
Johnson County,North Central Texas,North Central Texas Council of Governments
Kaufman County,North Central Texas,North Central Texas Council of Governments
Navarro County,North Central Texas,North Central Texas Council of Governments
Palo Pinto County,North Central Texas,North Central Texas Council of Governments
Parker County,North Central Texas,North Central Texas Council of Governments
Rockwall County,North Central Texas,North Central Texas Council of Governments
Somervell County,North Central Texas,North Central Texas Council of Governments
Tarrant County,North Central Texas,North Central Texas Council of Governments
Wise County,North Central Texas,North Central Texas Council of Governments
Bowie County,North East Texas,Ark-Tex Area Council of Governments
Cass County,North East Texas,Ark-Tex Area Council of Governments
Delta County,North East Texas,Ark-Tex Area Council of Governments
Franklin County,North East Texas,Ark-Tex Area Council of Governments
Hopkins County,North East Texas,Ark-Tex Area Council of Governments
Lamar County,North East Texas,Ark-Tex Area Council of Governments
Morris County,North East Texas,Ark-Tex Area Council of Governments
Red River County,North East Texas,Ark-Tex Area Council of Governments
Titus County,North East Texas,Ark-Tex Area Council of Governments
Anderson County,East Texas,East Texas Council of Governments
Camp County,East Texas,East Texas Council of Governments
Cherokee County,East Texas,East Texas Council of Governments
Gregg County,East Texas,East Texas Council of Governments
Harrison County,East Texas,East Texas Council of Governments
Henderson County,East Texas,East Texas Council of Governments
Marion County,East Texas,East Texas Council of Governments
Panola County,East Texas,East Texas Council of Governments
Rains County,East Texas,East Texas Council of Governments
Rusk County,East Texas,East Texas Council of Governments
Smith County,East Texas,East Texas Council of Governments
Upshur County,East Texas,East Texas Council of Governments
Van Zandt County,East Texas,East Texas Council of Governments
Wood County,East Texas,East Texas Council of Governments
Brown County,West Central Texas,West Central Texas Council of Governments
Callahan County,West Central Texas,West Central Texas Council of Governments
Coleman County,West Central Texas,West Central Texas Council of Governments
Comanche County,West Central Texas,West Central Texas Council of Governments
Eastland County,West Central Texas,West Central Texas Council of Governments
Fisher County,West Central Texas,West Central Texas Council of Governments
Haskell County,West Central Texas,West Central Texas Council of Governments
Jones County,West Central Texas,West Central Texas Council of Governments
Kent County,West Central Texas,West Central Texas Council of Governments
Knox County,West Central Texas,West Central Texas Council of Governments
Mitchell County,West Central Texas,West Central Texas Council of Governments
Nolan County,West Central Texas,West Central Texas Council of Governments
Runnels County,West Central Texas,West Central Texas Council of Governments
Scurry County,West Central Texas,West Central Texas Council of Governments
Shackelford County,West Central Texas,West Central Texas Council of Governments
Stephens County,West Central Texas,West Central Texas Council of Governments
Stonewall County,West Central Texas,West Central Texas Council of Governments
Taylor County,West Central Texas,West Central Texas Council of Governments
Throckmorton County,West Central Texas,West Central Texas Council of Governments
Brewster County,Upper Rio Grande,Rio Grande Council of Governments
Culberson County,Upper Rio Grande,Rio Grande Council of Governments
El Paso County,Upper Rio Grande,Rio Grande Council of Governments
Hudspeth County,Upper Rio Grande,Rio Grande Council of Governments
Jeff Davis County,Upper Rio Grande,Rio Grande Council of Governments
Presidio County,Upper Rio Grande,Rio Grande Council of Governments
Andrews County,Permian Basin,Permian Basin Regional Planning Commission
Borden County,Permian Basin,Permian Basin Regional Planning Commission
Crane County,Permian Basin,Permian Basin Regional Planning Commission
Dawson County,Permian Basin,Permian Basin Regional Planning Commission
Ector County,Permian Basin,Permian Basin Regional Planning Commission
Gaines County,Permian Basin,Permian Basin Regional Planning Commission
Glasscock County,Permian Basin,Permian Basin Regional Planning Commission
Howard County,Permian Basin,Permian Basin Regional Planning Commission
Loving County,Permian Basin,Permian Basin Regional Planning Commission
Martin County,Permian Basin,Permian Basin Regional Planning Commission
Midland County,Permian Basin,Permian Basin Regional Planning Commission
Pecos County,Permian Basin,Permian Basin Regional Planning Commission
Reeves County,Permian Basin,Permian Basin Regional Planning Commission
Terrell County,Permian Basin,Permian Basin Regional Planning Commission
Upton County,Permian Basin,Permian Basin Regional Planning Commission
Ward County,Permian Basin,Permian Basin Regional Planning Commission
Winkler County,Permian Basin,Permian Basin Regional Planning Commission
Coke County,Concho Valley,Concho Valley Council of Governments
Concho County,Concho Valley,Concho Valley Council of Governments
Crockett County,Concho Valley,Concho Valley Council of Governments
Irion County,Concho Valley,Concho Valley Council of Governments
Kimble County,Concho Valley,Concho Valley Council of Governments
Mason County,Concho Valley,Concho Valley Council of Governments
McCulloch County,Concho Valley,Concho Valley Council of Governments
Menard County,Concho Valley,Concho Valley Council of Governments
Reagan County,Concho Valley,Concho Valley Council of Governments
Schleicher County,Concho Valley,Concho Valley Council of Governments
Sterling County,Concho Valley,Concho Valley Council of Governments
Sutton County,Concho Valley,Concho Valley Council of Governments
Tom Green County,Concho Valley,Concho Valley Council of Governments
Bosque County,Heart of Texas,Heart of Texas Council of Governments
Falls County,Heart of Texas,Heart of Texas Council of Governments
Freestone County,Heart of Texas,Heart of Texas Council of Governments
Hill County,Heart of Texas,Heart of Texas Council of Governments
Limestone County,Heart of Texas,Heart of Texas Council of Governments
McLennan County,Heart of Texas,Heart of Texas Council of Governments
Bastrop County,Capital Area,Capital Area Council of Governments
Blanco County,Capital Area,Capital Area Council of Governments
Burnet County,Capital Area,Capital Area Council of Governments
Caldwell County,Capital Area,Capital Area Council of Governments
Fayette County,Capital Area,Capital Area Council of Governments
Hays County,Capital Area,Capital Area Council of Governments
Lee County,Capital Area,Capital Area Council of Governments
Llano County,Capital Area,Capital Area Council of Governments
Travis County,Capital Area,Capital Area Council of Governments
Williamson County,Capital Area,Capital Area Council of Governments
Brazos County,Brazos Valley,Brazos Valley Council of Governments
Burleson County,Brazos Valley,Brazos Valley Council of Governments
Grimes County,Brazos Valley,Brazos Valley Council of Governments
Leon County,Brazos Valley,Brazos Valley Council of Governments
Madison County,Brazos Valley,Brazos Valley Council of Governments
Robertson County,Brazos Valley,Brazos Valley Council of Governments
Washington County,Brazos Valley,Brazos Valley Council of Governments
Angelina County,Deep East Texas,Deep East Texas Council of Governments
Houston County,Deep East Texas,Deep East Texas Council of Governments
Jasper County,Deep East Texas,Deep East Texas Council of Governments
Nacogdoches County,Deep East Texas,Deep East Texas Council of Governments
Newton County,Deep East Texas,Deep East Texas Council of Governments
Polk County,Deep East Texas,Deep East Texas Council of Governments
Sabine County,Deep East Texas,Deep East Texas Council of Governments
San Augustine County,Deep East Texas,Deep East Texas Council of Governments
San Jacinto County,Deep East Texas,Deep East Texas Council of Governments
Shelby County,Deep East Texas,Deep East Texas Council of Governments
Trinity County,Deep East Texas,Deep East Texas Council of Governments
Tyler County,Deep East Texas,Deep East Texas Council of Governments
Hardin County,South East Texas,South East Texas Regional Planning Commission
Jefferson County,South East Texas,South East Texas Regional Planning Commission
Orange County,South East Texas,South East Texas Regional Planning Commission
Austin County,Gulf Coast,Houston-Galveston Area Council
Brazoria County,Gulf Coast,Houston-Galveston Area Council
Chambers County,Gulf Coast,Houston-Galveston Area Council
Colorado County,Gulf Coast,Houston-Galveston Area Council
Fort Bend County,Gulf Coast,Houston-Galveston Area Council
Galveston County,Gulf Coast,Houston-Galveston Area Council
Harris County,Gulf Coast,Houston-Galveston Area Council
Liberty County,Gulf Coast,Houston-Galveston Area Council
Matagorda County,Gulf Coast,Houston-Galveston Area Council
Montgomery County,Gulf Coast,Houston-Galveston Area Council
Walker County,Gulf Coast,Houston-Galveston Area Council
Waller County,Gulf Coast,Houston-Galveston Area Council
Wharton County,Gulf Coast,Houston-Galveston Area Council
Calhoun County,Golden Crescent,Golden Crescent Regional Planning Commission
DeWitt County,Golden Crescent,Golden Crescent Regional Planning Commission
Goliad County,Golden Crescent,Golden Crescent Regional Planning Commission
Gonzales County,Golden Crescent,Golden Crescent Regional Planning Commission
Jackson County,Golden Crescent,Golden Crescent Regional Planning Commission
Lavaca County,Golden Crescent,Golden Crescent Regional Planning Commission
Victoria County,Golden Crescent,Golden Crescent Regional Planning Commission
Atascosa County,Alamo Area,Alamo Area Council of Governments
Bandera County,Alamo Area,Alamo Area Council of Governments
Bexar County,Alamo Area,Alamo Area Council of Governments
Comal County,Alamo Area,Alamo Area Council of Governments
Frio County,Alamo Area,Alamo Area Council of Governments
Gillespie County,Alamo Area,Alamo Area Council of Governments
Guadalupe County,Alamo Area,Alamo Area Council of Governments
Karnes County,Alamo Area,Alamo Area Council of Governments
Kendall County,Alamo Area,Alamo Area Council of Governments
Kerr County,Alamo Area,Alamo Area Council of Governments
McMullen County,Alamo Area,Alamo Area Council of Governments
Medina County,Alamo Area,Alamo Area Council of Governments
Wilson County,Alamo Area,Alamo Area Council of Governments
Jim Hogg County,South Texas,South Texas Development Council
Starr County,South Texas,South Texas Development Council
Webb County,South Texas,South Texas Development Council
Zapata County,South Texas,South Texas Development Council
Aransas County,Coastal Bend,Coastal Bend Council of Governments
Bee County,Coastal Bend,Coastal Bend Council of Governments
Brooks County,Coastal Bend,Coastal Bend Council of Governments
Duval County,Coastal Bend,Coastal Bend Council of Governments
Jim Wells County,Coastal Bend,Coastal Bend Council of Governments
Kenedy County,Coastal Bend,Coastal Bend Council of Governments
Kleberg County,Coastal Bend,Coastal Bend Council of Governments
Live Oak County,Coastal Bend,Coastal Bend Council of Governments
Nueces County,Coastal Bend,Coastal Bend Council of Governments
Refugio County,Coastal Bend,Coastal Bend Council of Governments
San Patricio County,Coastal Bend,Coastal Bend Council of Governments
Cameron County,Lower Rio Grande,Lower Rio Grande Valley Development Council
Hidalgo County,Lower Rio Grande,Lower Rio Grande Valley Development Council
Willacy County,Lower Rio Grande,Lower Rio Grande Valley Development Council
Cooke County,Texoma,Texoma Council of Governments
Fannin County,Texoma,Texoma Council of Governments
Grayson County,Texoma,Texoma Council of Governments
Bell County,Central Texas,Central Texas Council of Governments
Coryell County,Central Texas,Central Texas Council of Governments
Hamilton County,Central Texas,Central Texas Council of Governments
Lampasas County,Central Texas,Central Texas Council of Governments
Milam County,Central Texas,Central Texas Council of Governments
Mills County,Central Texas,Central Texas Council of Governments
San Saba County,Central Texas,Central Texas Council of Governments
Dimmit County,Middle Rio Grande,Middle Rio Grande Development Council
Edwards County,Middle Rio Grande,Middle Rio Grande Development Council
Kinney County,Middle Rio Grande,Middle Rio Grande Development Council
La Salle County,Middle Rio Grande,Middle Rio Grande Development Council
Maverick County,Middle Rio Grande,Middle Rio Grande Development Council
Real County,Middle Rio Grande,Middle Rio Grande Development Council
Uvalde County,Middle Rio Grande,Middle Rio Grande Development Council
Val Verde County,Middle Rio Grande,Middle Rio Grande Development Council
Zavala County,Middle Rio Grande,Middle Rio Grande Development Council
